Tab,team_id,fa_id,player_id,player_name,team_name,division,role_code,primary_type,secondary_type,secondary_type_friendly,mobility_traits,description,power_rating,INT,STR,SPD,DUR,EP,FS,LDR,RES,WIL,LCK,ESP,OP,AM,SBY,Archetype,Tags,photo_path,active
Master_Roster,Free Agent,F001,P001,Abigail Brand,unaffiliated,unaffiliated,"FL, RG, GO",Strategy & Espionage (SE),tactician_leader,Tactician/Leader,FLY,fly,4.24,3,2,2,3,1,4,5,5,6,4,5,3,5,6,Strategist,"espionage, leader, sword, x-men_affiliated",https://res.cloudinary.com/dvncqcife/image/upload/v1741318213/Abigail_Brand_ogq7ev.png,TRUE
Master_Roster,T007,F002,P002,Adam Warlock,Agents of Vishanti,Overlay,"PO, SV",Cosmic & Reality (CR),cosmic_entity,Cosmic Entity,"FLY, HVR","fly, hover",9.36,4,5,7,6,6,4,6,7,7,4,1,7,7,6,Cosmic Observer,"cosmic, reality, sovereign, guardian_affiliated",https://res.cloudinary.com/dvncqcife/image/upload/v1741314714/Adam_Warlock_adkjlp.png,TRUE
Master_Roster,T010,F003,P003,Agatha Harkness,"Your honor, we were just being silly",Overlay,"PO, SV",Mystic Adept (MA),mystic_practitioner,Mystic Arts Practitioner,"HVR, TP","hover, teleport",5.94,5,2,2,2,6,2,5,4,6,3,4,7,6,5,Mystic,"magic, mentor, witch, scarlet_witch_affiliated",https://res.cloudinary.com/dvncqcife/image/upload/v1741314715/Agatha_Harkness_nfklqe.png,TRUE
Master_Roster,Free Agent,F004,P004,Angel / Archangel,unaffiliated,unaffiliated,"RG, VG, GO",Physical Combatants (PC),speedster,Speedster,FLY,fly,4.24,3,2,4,3,1,3,4,5,6,5,4,4,5,5,Idealist,"dual_identity, aerial, x-men, healing, apocalypse_affiliated",https://res.cloudinary.com/dvncqcife/image/upload/v1741314717/Archangel_j8bqka.png,TRUE
Master_Roster,T006,F005,P005,Ant-Man,Pigeon Desk,Overlay,"FL, RG, EN",Technological & Cybernetic (TC),gadget_specialist,Gadget Specialist,TP,teleport,6.94,6,7,5,4,6,3,5,4,5,4,5,4,6,6,Cynic,"size_shifting, tech, avengers, quantum",https://res.cloudinary.com/dvncqcife/image/upload/v1741314716/Ant-Man_gjesnh.png,TRUE
Master_Roster,T008,F006,P006,Apocalypse,Slow And Threatening,Undercurrent,"FL, VG, EN, PO, SV",Physical Combatants (PC),tank,Tank,"HVR, TP","hover, teleport",10.60,6,7,5,6,6,4,7,7,7,5,5,7,7,6,Villainous Pragmatist,"villain, mutant_powered, ancient, x-men_enemy, evolution",https://res.cloudinary.com/dvncqcife/image/upload/v1741314716/Apocalypse_jbxc68.png,TRUE
Master_Roster,Free Agent,F007,P007,Armor,unaffiliated,unaffiliated,"RG, VG, EN",Physical Combatants (PC),tank,Tank,GRD,grounded,3.65,2,4,2,4,1,3,4,5,5,4,4,3,4,6,Idealist,"defense, x-men, constructs, youth",https://res.cloudinary.com/dvncqcife/image/upload/v1741314718/Armor_fgbqau.png,TRUE
Master_Roster,Free Agent,F008,P008,Banshee,unaffiliated,unaffiliated,"FL, RG, EN, PO",Physical Combatants (PC),speedster,Speedster,FLY,fly,5.15,3,2,3,3,5,4,4,5,6,5,5,5,5,5,Strategist or Idealist,"sonic, flight, x-men, mentor",https://res.cloudinary.com/dvncqcife/image/upload/v1741314718/Banshee_gej8ip.png,TRUE
Master_Roster,T008,F009,P009,Beast,Slow And Threatening,Undercurrent,"RG, VG, GO",Technological & Cybernetic (TC),gadget_specialist,Gadget Specialist,HVR,hover,5.96,5,4,3,4,1,4,6,5,6,4,5,3,6,7,Strategist or Cynic,"x-men, tech, intellect, mutation",https://res.cloudinary.com/dvncqcife/image/upload/v1741314719/Beast_l04atp.png,TRUE
Master_Roster,T005,F010,P010,Beta Ray Bill,Ligmasigma II,Undercurrent,"RG, VG, EN, SV",Cosmic & Reality (CR),cosmic_entity,Cosmic Entity,FLY,fly,9.45,2,7,7,6,6,4,6,7,7,5,1,7,6,7,Idealist or Cosmic Observer,"asgardian_affiliated, cosmic, warrior, stormbreaker",https://res.cloudinary.com/dvncqcife/image/upload/v1741314720/Beta_Ray_Bill_znnd20.png,TRUE
Master_Roster,T003,F011,P011,Bishop,Sterling's Silly Soldiers,Overlay,"FL, RG, VG, GO",Physical Combatants (PC),weapons_expert,Weapons Expert,GRD,GRD,5.91,2,4,2,4,5,5,5,6,6,4,5,5,5,6,Rebel or Cynic,"time_travel, x-men, energy_absorption, future",https://res.cloudinary.com/dvncqcife/image/upload/v1741314721/Bishop_jgsqng.png,TRUE
Master_Roster,T005,F012,P012,Black Bolt,Ligmasigma II,Undercurrent,"FL, RG, VG, EN, GO, SV",Cosmic & Reality (CR),cosmic_entity,Cosmic Entity,"FLY, HVR","fly, hover",8.86,3,6,5,6,6,4,6,6,7,6,3,7,5,7,Cosmic Observer or Idealist,"inhuman, royalty, sonic, silent_strength",https://res.cloudinary.com/dvncqcife/image/upload/v1741314721/Black_Bolt_vz1ea9.png,TRUE
Master_Roster,T009,F013,P013,Black Cat,Amber,Undercurrent,"RG, VG, GO",Strategy & Espionage (SE),espionage_infiltration,Espionage/Infiltration,HVR,hover,2.96,2,2,2,2,1,4,3,4,5,7,6,2,4,5,Rebel or Cynic,"thief, agility, espionage, spider_affiliated",https://res.cloudinary.com/dvncqcife/image/upload/v1741314722/Black_Cat_wnds1j.png,TRUE
Master_Roster,T009,F014,P014,Black Panther (Shuri),Amber,Undercurrent,"FL, RG, VG, GO",Technological & Cybernetic (TC),gadget_specialist,Gadget Specialist,GRD,GRD,7.38,5,3,3,3,1,4,7,6,6,4,6,5,7,7,Strategist,"tech, intellect, wakanda, leadership, avengers",https://res.cloudinary.com/dvncqcife/image/upload/v1741314723/Black_Panther_shuri_erjuvr.png,TRUE
Master_Roster,T004,F015,P015,Black Panther (T'Challa),Dumb and Dumber Returns,Undercurrent,"FL, RG, VG, GO",Strategy & Espionage (SE),tactician_leader,Tactician/Leader,GRD,GRD,7.11,5,3,3,3,3,6,7,6,6,4,6,4,6,7,Strategist or Idealist,"tactician, wakanda, leader, stealth, avengers",https://res.cloudinary.com/dvncqcife/image/upload/v1741314735/Black_Panther_vk7bze.png,TRUE
Master_Roster,Free Agent,F016,P016,Black Tom,unaffiliated,unaffiliated,"RG, VG, PO",Mystic Adept (MA),monster_hunter,Monster Hunter,GRD,GRD,4.43,2,2,2,3,5,3,4,5,5,4,4,5,5,5,Villainous Pragmatist or Mystic,"Black Tom, plant_control, villain, x-men_enemy, terra_mutant",https://res.cloudinary.com/dvncqcife/image/upload/v1741314735/Black_Tom_Cassiday_kkjboo.png,TRUE
Master_Roster,T009,F017,P017,Black Widow,Amber,Undercurrent,"FL, RG, VG, GO",Strategy & Espionage (SE),espionage_infiltration,Espionage/Infiltration,GRD,GRD,5.98,3,3,2,3,2,6,6,5,6,5,7,3,6,7,Strategist or Cynic,"Black Widow, espionage, combat, spy, avengers",https://res.cloudinary.com/dvncqcife/image/upload/v1741314737/Black_Widow_wershx.png,TRUE
Master_Roster,T009,F018,P018,Blade,Amber,Undercurrent,"RG, VG, PO",Mystic Adept (MA),monster_hunter,Monster Hunter,GRD,GRD,5.41,2,4,3,4,1,6,5,6,6,5,5,3,5,7,Rebel or Cynic,"Blade, vampire_hunter, daywalker, supernatural, martial",https://res.cloudinary.com/dvncqcife/image/upload/v1741314737/Blade_bct9cz.png,TRUE
Master_Roster,Free Agent,F019,P019,Blob,unaffiliated,unaffiliated,"RG, EN",Physical Combatants (PC),tank,Tank,GRD,GRD,3.18,2,5,2,6,1,3,3,7,3,7,1,2,3,6,Cynic or Villainous Pragmatist,"Blob, brute, immovable, x-men_enemy, brotherhood",https://res.cloudinary.com/dvncqcife/image/upload/v1741314738/Blob_nw2am8.png,TRUE
Master_Roster,T007,F020,P020,Blue Marvel,Agents of Vishanti,Overlay,"FL, RG, EN, GO, SV",Cosmic & Reality (CR),cosmic_entity,Cosmic Entity,"FLY, HVR","fly, hover",9.77,5,6,5,6,5,4,6,7,7,6,3,7,6,7,Idealist or Cosmic Observer,"cosmic, intellect, strength, avengers_affiliated",https://res.cloudinary.com/dvncqcife/image/upload/v1741314740/Blue_Marvel_igitux.png,TRUE
Master_Roster,T002,F021,P021,Brawn (Totally Awesome Hulk),Costco Wholesale,Overlay,"RG, VG, EN",Physical Combatants (PC),tank,Tank,HVR,hover,8.29,5,6,5,6,5,4,5,7,6,6,2,6,6,6,Rebel or Idealist,"strength, tech_savvy, young_hero, champions",https://res.cloudinary.com/dvncqcife/image/upload/v1741314741/Brawn_qhy5ke.png,TRUE
Master_Roster,T002,F022,P022,Brother Voodoo,Costco Wholesale,Overlay,"PO, GO, SV",Mystic Adept (MA),mystic_practitioner,Mystic Arts Practitioner,TP,teleport,6.22,3,2,2,3,5,4,5,5,6,4,5,7,6,5,Mystic or Cosmic Observer,"magic, spiritual, doctor_strange_affiliated, mystic",https://res.cloudinary.com/dvncqcife/image/upload/v1741314742/Brother_Voodoo_i5utms.png,TRUE
Master_Roster,T008,F023,P023,Cable,Slow And Threatening,Undercurrent,"FL, RG, VG, PO, GO",Technological & Cybernetic (TC),gadget_specialist,Gadget Specialist,TP,teleport,7.97,5,4,3,4,6,5,6,6,6,5,5,6,6,6,Cynic or Strategist,"time_travel, tech, military, x-men, future",https://res.cloudinary.com/dvncqcife/image/upload/v1741314743/Cable_szjpsj.png,TRUE
Master_Roster,Free Agent,F024,P024,Cannonball,unaffiliated,unaffiliated,"RG, VG",Physical Combatants (PC),speedster,Speedster,FLY,fly,4.93,2,4,3,6,1,3,4,6,6,5,4,5,5,5,Idealist or Rebel,"Cannonball, flight, invulnerability, x-men, new_mutants",https://res.cloudinary.com/dvncqcife/image/upload/v1741314744/Cannonball_llwcg2.png,TRUE
Master_Roster,T007,F025,P025,Captain America (Rogers),Agents of Vishanti,Overlay,"FL, RG, VG",Strategy & Espionage (SE),tactician_leader,Tactician/Leader,GRD,grounded,5.23,3,3,2,3,1,6,7,7,7,4,6,3,4,7,Idealist,"Captain America (Rogers), leader, tactician, avengers, shield, symbol",https://res.cloudinary.com/dvncqcife/image/upload/v1741314754/Cyclops_bvrk3a.png,TRUE
Master_Roster,Free Agent,F026,P026,Captain America (Wilson),unaffiliated,unaffiliated,"FL, RG, VG, GO",Strategy & Espionage (SE),tactician_leader,Tactician/Leader,FLY,fly,4.84,3,3,3,3,1,5,6,6,6,4,5,3,5,6,Idealist,"Captain America (Wilson), flight, leader, avengers, symbol, wing_combat",https://res.cloudinary.com/dvncqcife/image/upload/v1741314744/Captain_America_wilson_irqxpe.png,TRUE
Master_Roster,T004,F027,P027,Captain Marvel,Dumb and Dumber Returns,Undercurrent,"FL, RG, VG, EN, SV",Cosmic & Reality (CR),cosmic_entity,Cosmic Entity,"FLY, HVR","fly, hover",9.54,3,5,5,6,6,4,6,7,7,6,5,7,6,7,Strategist or Idealist,"Captain Marvel, cosmic, flight, energy_blaster, avengers, binary_form",https://res.cloudinary.com/dvncqcife/image/upload/v1741314747/Captain_Marvel_dc9tjh.png,TRUE
Master_Roster,T003,F028,P028,Carnage,Sterling's Silly Soldiers,Overlay,"RG, VG",Physical Combatants (PC),unorthodox_fighter,Unorthodox Fighter,HVR,hover,2.63,2,5,4,4,4,3,2,6,5,5,3,4,4,1,Villainous Pragmatist or Cynic,"Carnage, symbiote, chaos, villain, serial_killer, spider_enemy",https://res.cloudinary.com/dvncqcife/image/upload/v1741314747/Carnage_hslphu.png,TRUE
Master_Roster,T003,F029,P029,Cloak,Sterling's Silly Soldiers,Overlay,"RG, PO, GO",Mystic Adept (MA),dimensional_manipulator,Dimensional Manipulator,TP,teleport,3.59,2,2,2,3,5,2,3,4,5,5,5,4,4,5,Mystic or Cosmic Observer,"Cloak, teleportation, darkforce, cloak_and_dagger, stealth",https://res.cloudinary.com/dvncqcife/image/upload/v1741314748/Cloak_zo7mdk.png,TRUE
Master_Roster,Free Agent,F030,P030,Colleen Wing,unaffiliated,unaffiliated,"RG, VG, GO",Physical Combatants (PC),martial_arts_master,Martial Arts Master,GRD,GRD,3.22,2,2,2,2,1,6,4,3,4,4,6,1,5,6,Rebel or Strategist,"Colleen Wing, martial_artist, espionage, hero_for_hire, swordswoman",https://res.cloudinary.com/dvncqcife/image/upload/v1741314750/Colleen_Wing_gy9vav.png,TRUE
Master_Roster,T001,F031,P031,Colossus,Gambit Is A Pretty Pretty Princess,Undercurrent,"RG, VG, EN",Physical Combatants (PC),tank,Tank,GRD,GRD,3.45,2,6,2,6,1,4,3,6,4,6,4,2,3,6,Idealist,"Colossus, metal_form, brute, x-men, durability, strength",https://res.cloudinary.com/dvncqcife/image/upload/v1741314751/Colossus_dhl0jo.png,TRUE
Master_Roster,Free Agent,F032,P032,Crossbones,unaffiliated,unaffiliated,"FL, RG, VG, GO",Physical Combatants (PC),weapons_expert,Weapons Expert,GRD,GRD,2.78,2,4,2,3,1,6,3,5,4,5,4,1,4,5,Villainous Pragmatist or Cynic,"Crossbones, mercenary, villain, hydra, brute_force, combat",https://res.cloudinary.com/dvncqcife/image/upload/v1741314752/Crossbones_vcpckc.png,TRUE
Master_Roster,K.I.A.,F033,P033,Cyclops,unaffiliated,unaffiliated,"FL, RG, VG",Physical Combatants (PC),energy_blaster,Energy Blaster,GRD,GRD,5.60,3,2,2,2,5,4,6,4,4,4,5,6,5,6,Strategist or Idealist,"Cyclops, leader, x-men, optic_blast, strategist",https://res.cloudinary.com/dvncqcife/image/upload/v1741314753/Cyclops_hf0xex.png,FALSE
Master_Roster,Free Agent,F034,P034,Cypher,unaffiliated,unaffiliated,"RG, PO, GO",Strategy & Espionage (SE),tactician_leader,Tactician/Leader,GRD,GRD,3.86,6,2,2,2,1,2,6,3,3,3,4,5,4,5,Strategist,"Cypher, linguist, digital_mimic, x-men, communication",https://res.cloudinary.com/dvncqcife/image/upload/v1741314755/Cypher_kzg114.png,TRUE
Master_Roster,T003,F035,P035,Dagger,Sterling's Silly Soldiers,Overlay,"RG, PO",Mystic Adept (MA),mystic_practitioner,Mystic Arts Practitioner,HVR,hover,4.16,2,2,2,2,5,3,4,3,5,4,4,6,4,5,Idealist or Mystic,"Dagger, light_projection, cloak_and_dagger, support, healing",https://res.cloudinary.com/dvncqcife/image/upload/v1741314756/Dagger_mxof4u.png,TRUE
Master_Roster,Free Agent,F036,P036,Daken,unaffiliated,unaffiliated,"RG, VG",Physical Combatants (PC),unorthodox_fighter,Unorthodox Fighter,GRD,GRD,2.98,2,4,3,4,1,6,3,5,5,5,4,2,5,3,Cynic or Villainous Pragmatist,"Daken, regen, claws, stealth, wolverine_family, dark_mutant",https://res.cloudinary.com/dvncqcife/image/upload/v1741314757/Dakin_faowrq.png,TRUE
Master_Roster,T009,F037,P037,Danger,Amber,Undercurrent,"RG, VG, GO",Technological & Cybernetic (TC),cybernetic_augmentee,Cybernetic Augmentee,HVR,hover,8.39,4,6,6,6,6,5,6,6,6,6,5,6,6,5,Strategist or Detached Cynic,"Danger, ai, danger_room, digital_mimic, x-men_affiliated",https://res.cloudinary.com/dvncqcife/image/upload/v1741314758/Danger_b7tok8.png,TRUE
Master_Roster,T008,F038,P038,Daredevil,Slow And Threatening,Undercurrent,"RG, VG, GO",Strategy & Espionage (SE),martial_arts_master,Martial Arts Master,HVR,hover,4.66,3,2,2,3,1,6,6,4,5,5,6,1,6,7,Idealist or Rebel,"Daredevil, blind_sense, acrobat, martial_artist, hells_kitchen, defender",https://res.cloudinary.com/dvncqcife/image/upload/v1741314759/Daredevil_yxvq9j.png,TRUE
Master_Roster,T005,F039,P039,Darwin,Ligmasigma II,Undercurrent,"RG, GO",Physical Combatants (PC),unorthodox_fighter,Unorthodox Fighter,GRD,GRD,5.34,2,2,2,7,1,2,3,5,5,6,5,7,7,4,Cosmic Observer or Strategist,"Darwin, adaptation, survivor, mutant, x-men_affiliated",https://res.cloudinary.com/dvncqcife/image/upload/v1741314759/Darwin_gknahz.png,TRUE
Master_Roster,Free Agent,F040,P040,Dazzler,unaffiliated,unaffiliated,RG,Mystic Adept (MA),mystic_practitioner,Mystic Arts Practitioner,GRD,GRD,4.61,2,2,2,2,6,3,4,4,4,4,4,6,4,6,Idealist or Mystic,"Dazzler, light_conversion, sound_energy, performer, x-men",https://res.cloudinary.com/dvncqcife/image/upload/v1741314761/Dazzler_d64zg0.png,TRUE
Master_Roster,T006,F041,P041,Deadpool,Pigeon Desk,Overlay,"RG, VG, GO",Physical Combatants (PC),unorthodox_fighter,Unorthodox Fighter,GRD,GRD,4.22,2,4,3,6,1,6,3,7,6,6,5,5,5,2,Villainous Pragmatist or Cynic,"Deadpool, regen, mercenary, chaos, x-force, fourth_wall",https://res.cloudinary.com/dvncqcife/image/upload/v1741314762/Deadpool_oxuick.png,TRUE
Master_Roster,T006,F042,P042,Deathlok,Pigeon Desk,Overlay,"RG, VG, GO",Technological & Cybernetic (TC),cybernetic_augmentee,Cybernetic Augmentee,GRD,GRD,6.89,4,4,3,6,5,3,5,6,5,6,5,6,5,6,Mystic or Cosmic Observer,"Deathlok, cyborg, military, time_displaced, ai_affinity",https://res.cloudinary.com/dvncqcife/image/upload/v1741314763/Deathlok_jzw2yw.png,TRUE
Master_Roster,T005,F043,P043,Doctor Doom,Ligmasigma II,Undercurrent,"FL, RG, VG, EN, PO, GO, SV",Mystic Adept (MA),dimensional_manipulator,Dimensional Manipulator,"HVR, TP","hover, teleport",8.74,6,4,3,6,6,4,7,6,7,3,5,6,7,6,Rebel or Strategist,"Doctor Doom, tech, magic, villain, latveria, sovereign",https://res.cloudinary.com/dvncqcife/image/upload/v1741314764/Doctor_Doom_h3mfz7.png,TRUE
Master_Roster,T009,F044,P044,Doctor Octopus,Amber,Undercurrent,"RG, VG, EN, GO",Technological & Cybernetic (TC),gadget_specialist,Gadget Specialist,HVR,hover,3.58,5,4,2,3,1,3,6,4,3,4,3,2,5,5,Idealist,"Doctor Octopus, tech, tentacles, villain, spider_enemy, scientist",https://res.cloudinary.com/dvncqcife/image/upload/v1741314765/Doctor_Octopus_lyx5af.png,TRUE
Master_Roster,T001,F045,P045,Doctor Strange,Gambit Is A Pretty Pretty Princess,Undercurrent,"FL, RG, VG, EN, PO, SV",Mystic Adept (MA),mystic_practitioner,Mystic Arts Practitioner,"HVR, TP","hover, teleport",7.17,5,2,2,3,6,4,5,4,7,4,5,7,7,5,Villainous Pragmatist or Cynic,"Doctor Strange, magic, sorcerer_supreme, mystic_arts, dimensional",https://res.cloudinary.com/dvncqcife/image/upload/v1741314766/Doctor_Strange_fninxw.png,TRUE
Master_Roster,T001,F046,P046,Domino,Gambit Is A Pretty Pretty Princess,Undercurrent,"RG, VG, GO",Physical Combatants (PC),unorthodox_fighter,Unorthodox Fighter,GRD,GRD,4.75,3,2,2,2,1,5,3,5,5,7,7,6,3,6,Strategist or Idealist,"Domino, luck, marksman, x-force, stealth, tactical",https://res.cloudinary.com/dvncqcife/image/upload/v1741314767/Domino_cwgvny.png,TRUE
Master_Roster,T004,F047,P047,Drax the Destroyer,Dumb and Dumber Returns,Undercurrent,"RG, VG, EN",Physical Combatants (PC),brawler,Brawler,GRD,GRD,3.78,2,6,5,6,1,4,3,6,5,6,4,3,4,4,Strategist,"Drax the Destroyer, brute, guardian, cosmic, vengeance, destroyer",https://res.cloudinary.com/dvncqcife/image/upload/v1741314768/Drax_the_Destroyer_cvkroc.png,TRUE
Master_Roster,T010,F048,P048,Echo,"Your honor, we were just being silly",Overlay,"RG, VG, GO",Strategy & Espionage (SE),espionage_infiltration,Espionage/Infiltration,GRD,GRD,3.55,2,2,2,2,1,6,4,4,4,4,5,1,6,6,Idealist or Mystic,"Echo, mimicry, deaf, combat, ronin, avengers_affiliated",https://res.cloudinary.com/dvncqcife/image/upload/v1741314769/Echo_kkyjh9.png,TRUE
Master_Roster,Free Agent,F049,P049,Elektra,unaffiliated,unaffiliated,"RG, VG, GO",Strategy & Espionage (SE),espionage_infiltration,Espionage/Infiltration,HVR,hover,4.99,3,2,2,3,1,7,5,4,5,4,7,2,7,6,Cynic or Villainous Pragmatist,"Elektra, assassin, martial_artist, stealth, defender, hand",https://res.cloudinary.com/dvncqcife/image/upload/v1741314770/Elektra_xxs9n4.png,TRUE
Master_Roster,T009,F050,P050,Elixir,Amber,Undercurrent,"RG, PO, GO",Mystic Adept (MA),mystic_practitioner,Mystic Arts Practitioner,GRD,GRD,4.16,2,2,2,2,6,2,3,3,3,3,3,7,6,4,Strategist or Detached Cynic,"Elixir, healer, omega_level, resurrection, x-men, mutant",https://res.cloudinary.com/dvncqcife/image/upload/v1741314772/Elixer_aoliyi.png,TRUE
Master_Roster,T001,F051,P051,Emma Frost,Gambit Is A Pretty Pretty Princess,Undercurrent,"FL, PO, GO, SV",Mental Manipulators (MM),telepath,Telepath,HVR,hover,5.46,4,4,2,5,5,3,5,3,4,4,4,6,5,5,Strategist or Detached Cynic,"Emma Frost, telepathy, diamond_form, x-men, hellfire, dual_identity",https://res.cloudinary.com/dvncqcife/image/upload/v1741314772/Emma_Frost_tif973.png,TRUE
Master_Roster,T005,F052,P052,Exodus,Ligmasigma II,Undercurrent,"VG, PO, GO, SV",Mystic Adept (MA),dimensional_manipulator,Dimensional Manipulator,"FLY, TP","fly, teleport",8.30,4,6,5,6,6,4,5,6,5,6,5,7,6,5,Mystic or Cosmic Observer,"Exodus, telepathy, telekinesis, religious_fanatic, mutant_supremacy, brotherhood",https://res.cloudinary.com/dvncqcife/image/upload/v1741314773/Exodus_vjnod9.png,TRUE
Master_Roster,Free Agent,F053,P053,Fantomex,unaffiliated,unaffiliated,"RG, VG, PO, GO",Strategy & Espionage (SE),espionage_infiltration,Espionage/Infiltration,HVR,hover,4.91,3,3,3,3,1,5,4,4,4,4,5,4,6,6,Cynic or Villainous Pragmatist,"Fantomex, illusionist, marksman, stealth, weapon_x, trickster",https://res.cloudinary.com/dvncqcife/image/upload/v1741314774/Fantomex_vzkvlt.png,TRUE
Master_Roster,Free Agent,F054,P054,Firestar,unaffiliated,unaffiliated,"RG, VG, EN",Cosmic & Reality (CR),cosmic_entity,Cosmic Entity,"FLY, HVR","fly, hover",4.75,3,2,2,2,5,3,4,4,5,4,4,6,5,5,Idealist,"Firestar, microwave_energy, flight, new_warriors, x-men_affiliated",https://res.cloudinary.com/dvncqcife/image/upload/v1741314776/Firestar_ktvjtx.png,TRUE
Master_Roster,T002,F055,P055,Forge,Costco Wholesale,Overlay,"FL, RG, VG, GO",Technological & Cybernetic (TC),gadget_specialist,Gadget Specialist,GRD,GRD,4.95,5,2,2,2,1,3,6,3,3,4,4,5,6,6,Strategist,"Forge, inventor, tech, x-men, enhancer, tactician",https://res.cloudinary.com/dvncqcife/image/upload/v1741314776/Forge_h8xwpk.png,TRUE
Master_Roster,T001,F056,P056,Gambit,Gambit Is A Pretty Pretty Princess,Undercurrent,"RG, VG, GO",Physical Combatants (PC),demolitionist,Demolitionist,GRD,GRD,4.42,3,2,2,2,4,4,4,4,4,4,5,5,5,5,Rebel or Strategist,"Gambit, kinetic_charge, cards, x-men, thief, charming",https://res.cloudinary.com/dvncqcife/image/upload/v1741314778/Gambit_wznocp.png,TRUE
Master_Roster,T006,F057,P057,Gamora,Pigeon Desk,Overlay,"RG, VG",Physical Combatants (PC),weapons_expert,Weapons Expert,GRD,GRD,5.92,3,6,3,6,1,6,5,6,5,5,5,3,6,6,Villainous Pragmatist or Cynic,"Gamora, assassin, guardian, cosmic, melee, stealth",https://res.cloudinary.com/dvncqcife/image/upload/v1741314779/Gamora_ttgpzm.png,TRUE
Master_Roster,T007,F058,P058,Ghost Rider,Agents of Vishanti,Overlay,"RG, VG, EN, PO, SV",Mystic Adept (MA),monster_hunter,Monster Hunter,"HVR, TP","hover, teleport",6.15,2,4,3,6,5,4,4,6,5,6,1,7,5,5,Mystic or Cosmic Observer,"Ghost Rider, hellfire, chain, vengeance, supernatural, motorcycle",https://res.cloudinary.com/dvncqcife/image/upload/v1741314780/Ghost_Rider_degihh.png,TRUE
Master_Roster,T004,F059,P059,Ghost Spider (Spider-Gwen),Dumb and Dumber Returns,Undercurrent,"RG, VG, GO",Physical Combatants (PC),espionage_infiltration,Espionage/Infiltration,HVR,hover,3.93,3,4,3,3,1,4,4,4,5,4,5,3,5,5,Rebel or Strategist,"Ghost Spider (Spider-Gwen), agility, spider_powered, musician, multiverse, young_hero",https://res.cloudinary.com/dvncqcife/image/upload/v1741314781/Ghost_Spider_pejzo2.png,TRUE
Master_Roster,T005,F060,P060,Gladiator,Ligmasigma II,Undercurrent,"FL, RG, VG, EN",Cosmic & Reality (CR),cosmic_entity,Cosmic Entity,"FLY, HVR","fly, hover",7.91,3,7,7,6,4,5,5,7,7,6,1,5,6,6,Villainous Pragmatist or Cynic,"Gladiator, strength, flight, imperial_guard, alien, confidence_powered",https://res.cloudinary.com/dvncqcife/image/upload/v1741314782/Gladiator_hgsnsa.png,TRUE
Master_Roster,Free Agent,F061,P061,Goldballs,unaffiliated,unaffiliated,RG,Mystic Adept (MA),mystic_practitioner,Mystic Arts Practitioner,GRD,GRD,2.85,2,2,2,2,4,2,3,3,3,3,3,5,4,4,Idealist,"Goldballs, egg_generation, x-men, krakoa, resurrection_team, unconventional",https://res.cloudinary.com/dvncqcife/image/upload/v1741314783/Goldballs_aek8wv.png,TRUE
Master_Roster,Free Agent,F062,P062,Green Goblin,unaffiliated,unaffiliated,"FL, RG, VG",Technological & Cybernetic (TC),gadget_specialist,Gadget Specialist,HVR,hover,3.60,5,4,2,4,1,4,5,5,5,5,4,3,5,3,Villainous Pragmatist,"Green Goblin, villain, goblin_tech, glider, spider_enemy, insanity",https://res.cloudinary.com/dvncqcife/image/upload/v1741314783/Green_Goblin_z4biyo.png,TRUE
Master_Roster,T010,F063,P063,Groot,"Your honor, we were just being silly",Overlay,"RG, VG, EN",Physical Combatants (PC),tank,Tank,GRD,GRD,4.28,2,6,2,6,1,4,3,6,4,6,5,3,4,6,Idealist,"Groot, regeneration, treeform, guardian, cosmic, limited_speech",https://res.cloudinary.com/dvncqcife/image/upload/v1741314784/Groot_edh6nd.png,TRUE
Master_Roster,T005,F064,P064,Guardian,Ligmasigma II,Undercurrent,"RG, VG",Technological & Cybernetic (TC),armor_powered_hero,Armor-Powered Hero,"FLY, HVR","fly, hover",5.38,3,4,4,4,5,4,4,5,5,5,3,5,5,5,Strategist,"Guardian, tech_suit, alpha_flight, flight, energy_shield, canadian_hero",https://res.cloudinary.com/dvncqcife/image/upload/v1741314787/Guardian_mmdg4f.png,TRUE
Master_Roster,Free Agent,F065,P065,Havok,unaffiliated,unaffiliated,"FL, RG, VG",Physical Combatants (PC),energy_blaster,Energy Blaster,GRD,GRD,4.77,3,2,2,2,6,3,4,4,4,4,4,6,5,5,Cynic,"Havok, energy_blasts, x-men, brother_of_cyclops, unstable_power",https://res.cloudinary.com/dvncqcife/image/upload/v1741314787/Havok_xcbhgb.png,TRUE
Master_Roster,Free Agent,F066,P066,Hawkeye (Kate Bishop),unaffiliated,unaffiliated,"RG, VG, GO",Physical Combatants (PC),sharpshooter,Sharpshooter,GRD,GRD,4.10,3,2,2,2,1,5,5,4,4,4,6,2,6,6,Rebel,"Hawkeye (Kate Bishop), archer, young_avenger, agility, tactician, heroic_legacy",https://res.cloudinary.com/dvncqcife/image/upload/v1741314788/Hawkeye_Kate_Bishop_xjgq5f.png,TRUE
Master_Roster,T001,F067,P067,Hawkeye,Gambit Is A Pretty Pretty Princess,Undercurrent,"FL, RG, VG, GO",Physical Combatants (PC),sharpshooter,Sharpshooter,GRD,GRD,4.38,3,2,2,2,1,6,6,4,4,4,6,2,6,6,Rebel,"Hawkeye, archer, avengers, tactician, marksman, nonpowered",https://res.cloudinary.com/dvncqcife/image/upload/v1741318214/Hawkeye_aqzrhx.png,TRUE
Master_Roster,T003,F068,P068,Hulk,Sterling's Silly Soldiers,Overlay,"RG, VG, EN",Physical Combatants (PC),tank,Tank,GRD,GRD,6.02,6,7,3,7,5,4,3,7,5,3,1,6,6,3,Cynic,"Hulk, brute, gamma, rage, avengers, uncontrollable",https://res.cloudinary.com/dvncqcife/image/upload/v1741318215/Hulk_ahkfbm.png,TRUE
Master_Roster,T002,F069,P069,Hulkling (Teddy Altman),Costco Wholesale,Overlay,"RG, VG, PO, SV",Cosmic & Reality (CR),cosmic_entity,Cosmic Entity,"FLY, HVR","fly, hover",5.43,2,6,3,6,1,4,4,6,5,6,5,4,5,6,Idealist,"Hulkling (Teddy Altman), shapeshifter, strength, flight, kree_skrull, young_avenger",https://res.cloudinary.com/dvncqcife/image/upload/v1741318216/Hulkling_c1xyrf.png,TRUE
Master_Roster,Free Agent,F070,P070,Husk,unaffiliated,unaffiliated,"RG, VG",Physical Combatants (PC),unorthodox_fighter,Unorthodox Fighter,GRD,GRD,3.26,3,2,2,2,1,3,4,4,4,4,4,3,5,5,Idealist,"Husk, skin_shedding, x-men, form_shift, physical_adapt",https://res.cloudinary.com/dvncqcife/image/upload/v1741318217/Husk_t34odo.png,TRUE
Master_Roster,T009,F071,P071,Hyperion,Amber,Undercurrent,"RG, VG, EN, SV",Cosmic & Reality (CR),cosmic_entity,Cosmic Entity,"FLY, HVR","fly, hover",8.75,3,7,7,6,5,6,5,7,7,6,1,6,6,6,Cosmic Observer,"Hyperion, strength, flight, solar_powered, avengers, superman_archetype",https://res.cloudinary.com/dvncqcife/image/upload/v1741318218/Hyperion_hw9flb.png,TRUE
Master_Roster,T006,F072,P072,Iceman,Pigeon Desk,Overlay,"RG, VG, EN",Mystic Adept (MA),dimensional_manipulator,Dimensional Manipulator,HVR,hover,6.08,2,4,3,4,7,3,4,5,5,5,4,7,5,5,Idealist,"Iceman, ice_generation, omega_level, x-men, freeze, resilience",https://res.cloudinary.com/dvncqcife/image/upload/v1741318221/Iceman_pzcjyt.png,TRUE
Master_Roster,T002,F073,P073,Invisible Woman,Costco Wholesale,Overlay,"FL, RG, VG, EN, GO",Mystic Adept (MA),mystic_practitioner,Mystic Arts Practitioner,GRD,GRD,5.61,3,2,2,2,6,3,5,4,4,5,6,6,5,6,Guardian,"Invisible Woman, invisibility, force_fields, fantastic_four, stealth, leader",https://res.cloudinary.com/dvncqcife/image/upload/v1741318221/Invisible_Woman_lygdyz.png,TRUE
Master_Roster,T004,F074,P074,Iron Fist,Dumb and Dumber Returns,Undercurrent,"RG, VG, GO",Mystic Adept (MA),martial_arts_master,Martial Arts Master,HVR,hover,5.64,3,4,3,3,4,6,5,5,5,5,5,3,6,6,Rebel,"Iron Fist, chi_power, martial_artist, mystic, immortal_weapon, defender",https://res.cloudinary.com/dvncqcife/image/upload/v1741318222/Iron_Fist_kx3n0d.png,TRUE
Master_Roster,T002,F075,P075,Iron Man,Costco Wholesale,Overlay,"FL, RG, VG, EN",Technological & Cybernetic (TC),armor_powered_hero,Armor-Powered Hero,"FLY, HVR","fly, hover",7.73,6,6,5,6,6,4,6,5,6,5,6,5,6,5,Strategist,"Iron Man, tech_suit, avengers, genius, wealth, leader",https://res.cloudinary.com/dvncqcife/image/upload/v1741318222/Iron_Man_ysqzh4.png,TRUE
Master_Roster,T003,F076,P076,Ironheart,Sterling's Silly Soldiers,Overlay,"RG, VG, EN",Technological & Cybernetic (TC),armor_powered_hero,Armor-Powered Hero,"FLY, HVR","fly, hover",7.35,5,5,5,5,5,3,6,5,5,5,5,5,6,6,Idealist,"Ironheart, tech_suit, young_hero, genius, avengers_affiliated, legacy_hero",https://res.cloudinary.com/dvncqcife/image/upload/v1741318225/Ironheart_h7d6nz.png,TRUE
Master_Roster,T001,F077,P077,Jean Grey (Phoenix),Gambit Is A Pretty Pretty Princess,Undercurrent,"FL, RG, VG, EN, PO, SV",Mental Manipulators (MM),telepath,Telepath,"FLY, HVR","fly, hover",6.72,4,2,3,3,7,3,5,4,6,5,5,7,5,6,Cosmic Observer,"Jean Grey (Phoenix), telepathy, telekinesis, phoenix_force, x-men, omega_level, dual_identity",https://res.cloudinary.com/dvncqcife/image/upload/v1741318226/Jean_Grey_Phoenix_jogysk.png,TRUE
Master_Roster,Free Agent,F078,P078,Jessica Jones,unaffiliated,unaffiliated,"RG, VG, GO",Physical Combatants (PC),tank,Tank,HVR,hover,3.40,2,4,2,4,1,3,4,5,4,5,5,2,5,5,Cynic,"Jessica Jones, strength, detective, street_level, defender, gritty",https://res.cloudinary.com/dvncqcife/image/upload/v1741318227/Jessica_Jones_tha3ft.png,TRUE
Master_Roster,T005,F079,P079,Jocasta,Ligmasigma II,Undercurrent,"RG, VG, EN, GO",Technological & Cybernetic (TC),cybernetic_augmentee,Cybernetic Augmentee,HVR,hover,7.29,5,5,3,5,5,3,6,6,5,6,5,6,5,6,Outsider,"Jocasta, ai, avengers, ultron_created, synthoid, consciousness",https://res.cloudinary.com/dvncqcife/image/upload/v1741318229/Jocasta_rqbzet.png,TRUE
Master_Roster,T010,F080,P080,Jubilee,"Your honor, we were just being silly",Overlay,"RG, VG",Physical Combatants (PC),energy_blaster,Energy Blaster,GRD,GRD,3.59,2,2,2,2,4,3,3,4,4,4,4,5,4,5,Idealist,"Jubilee, plasma_bursts, x-men, youth, mall_rat, fireworks",https://res.cloudinary.com/dvncqcife/image/upload/v1741318230/Jubilee_fogrds.png,TRUE
Master_Roster,T008,F081,P081,Juggernaut,Slow And Threatening,Undercurrent,"RG, VG, EN",Physical Combatants (PC),tank,Tank,GRD,GRD,2.91,2,7,3,7,1,4,3,7,5,7,1,2,4,3,Rebel,"Juggernaut, unstoppable, brute, magic_armor, x-men_enemy, strength",https://res.cloudinary.com/dvncqcife/image/upload/v1741318230/Juggernaut_v2ncm4.png,TRUE
Master_Roster,T006,F082,P082,Kang the Conqueror,Pigeon Desk,Overlay,"FL, RG, VG, SV",Technological & Cybernetic (TC),gadget_specialist,Gadget Specialist,TP,teleport,9.72,6,4,3,6,6,4,7,6,6,6,6,7,7,6,Villainous Pragmatist,"Kang the Conqueror, time_travel, villain, tech, multiversal, strategist",https://res.cloudinary.com/dvncqcife/image/upload/v1741318232/Kang_the_Conquerer_pt3v1r.png,TRUE
Master_Roster,Free Agent,F083,P083,Kate Pryde (Shadowcat),unaffiliated,unaffiliated,"FL, RG, VG, GO",Strategy & Espionage (SE),martial_arts_master,Martial Arts Master,HVR,hover,4.76,3,2,2,2,1,4,5,4,4,5,6,5,5,6,Idealist,"Kate Pryde (Shadowcat), phasing, x-men, sword, leadership, intangible",https://res.cloudinary.com/dvncqcife/image/upload/v1741318233/Kate_Pryde_Shadowcat_mbbipo.png,TRUE
Master_Roster,T006,F084,P084,Kid Omega,Pigeon Desk,Overlay,"RG, VG, EN, PO, GO, SV",Mental Manipulators (MM),telepath,Telepath,HVR,hover,5.49,5,2,2,2,6,2,5,4,4,4,4,7,6,4,Cynic,"Kid Omega, telepathy, omega_level, x-men, rebel, pink_psionics",https://res.cloudinary.com/dvncqcife/image/upload/v1741318271/Quentin_Quire_mobzuz.png,TRUE
Master_Roster,Free Agent,F085,P085,Kingpin,unaffiliated,unaffiliated,"FL, RG, VG, EN",Strategy & Espionage (SE),tactician_leader,Tactician/Leader,GRD,GRD,3.50,3,4,2,3,1,4,5,5,4,5,2,2,5,5,Villainous Pragmatist,"Kingpin, crime_lord, strength, tactician, street_level, villain",https://res.cloudinary.com/dvncqcife/image/upload/v1741318234/Kingpin_udu0ys.png,TRUE
Master_Roster,T010,F086,P086,Loki,"Your honor, we were just being silly",Overlay,"RG, VG, PO, GO, SV",Mystic Adept (MA),dimensional_manipulator,Dimensional Manipulator,"HVR, TP","hover, teleport",8.52,5,5,7,6,6,4,7,5,6,5,7,7,6,4,Cosmic Observer,"Loki, magic, illusion, asgardian, trickster, shapeshifter",https://res.cloudinary.com/dvncqcife/image/upload/v1741318235/Loki_gtfr5p.png,TRUE
Master_Roster,Free Agent,F087,P087,Luke Cage,unaffiliated,unaffiliated,"FL, RG, VG, EN, GO",Physical Combatants (PC),tank,Tank,GRD,GRD,4.30,2,5,2,6,1,4,4,6,4,6,5,2,5,6,Guardian,"Luke Cage, invulnerability, strength, street_level, defender, hero_for_hire",https://res.cloudinary.com/dvncqcife/image/upload/v1741318236/Luke_Cage_qedumm.png,TRUE
Master_Roster,Free Agent,F088,P088,M,unaffiliated,unaffiliated,"FL, RG, VG, GO",Mental Manipulators (MM),telepath,Telepath,"FLY, HVR","fly, hover",4.62,3,4,4,4,1,3,5,5,5,5,4,4,5,5,Strategist,"M, strength, telepathy, flight, generation_x, perfection",https://res.cloudinary.com/dvncqcife/image/upload/v1741318237/M_pkfg36.png,TRUE
Master_Roster,T001,F089,P089,Magik,Gambit Is A Pretty Pretty Princess,Undercurrent,"RG, VG, PO, GO, SV",Mystic Adept (MA),dimensional_manipulator,Dimensional Manipulator,TP,teleport,5.90,3,2,2,3,6,4,5,4,5,5,5,7,6,4,Mystic,"Magik, teleportation, magic, limbo, x-men, soul_sword",https://res.cloudinary.com/dvncqcife/image/upload/v1741318238/Magik_qnjvms.png,TRUE
Master_Roster,T003,F090,P090,Magneto,Sterling's Silly Soldiers,Overlay,"FL, RG, VG, EN, PO",Mental Manipulators (MM),telekinetic_wielder_tkw,Telekinetic Wielder (TKW),"FLY, HVR","fly, hover",7.14,5,2,3,3,6,4,6,5,5,5,5,7,6,5,Villainous Pragmatist,"Magneto, magnetism, omega_level, x-men, mutant_supremacy, villain",https://res.cloudinary.com/dvncqcife/image/upload/v1741318239/Magneto_tjgwbi.png,TRUE
Master_Roster,T009,F091,P091,Marvel Girl,Amber,Undercurrent,"FL, RG, VG, PO, GO, SV",Mental Manipulators (MM),telepath,Telepath,"FLY, HVR","fly, hover",5.87,4,2,3,3,7,3,5,4,4,4,4,7,6,4,Idealist,"Marvel Girl, telekinesis, x-men, precursor, psychic, young_jean",https://res.cloudinary.com/dvncqcife/image/upload/v1741318240/Marvel_Girl_w8xdhz.png,TRUE
Master_Roster,Free Agent,F092,P092,Medusa,unaffiliated,unaffiliated,"FL, RG, VG",Physical Combatants (PC),unorthodox_fighter,Unorthodox Fighter,HVR,hover,3.97,2,4,2,3,1,4,4,4,4,5,4,3,5,6,Strategist,"Medusa, prehensile_hair, inhuman, royalty, strength, attacker",https://res.cloudinary.com/dvncqcife/image/upload/v1741318242/Medusa_blev8i.png,TRUE
Master_Roster,Free Agent,F093,P093,Misty Knight,unaffiliated,unaffiliated,"FL, RG, VG, GO",Technological & Cybernetic (TC),cybernetic_augmentee,Cybernetic Augmentee,HVR,hover,3.06,2,2,2,2,1,5,4,4,4,4,4,2,5,5,Guardian,"Misty Knight, bionic_arm, detective, martial_artist, street_level, hero_for_hire",https://res.cloudinary.com/dvncqcife/image/upload/v1741318243/Misty_Knight_e66vdx.png,TRUE
Master_Roster,Free Agent,F094,P094,Mockingbird,unaffiliated,unaffiliated,"RG, VG, GO",Physical Combatants (PC),weapons_expert,Weapons Expert,GRD,GRD,4.31,4,2,2,2,1,6,5,4,4,4,5,2,6,6,Rebel,"Mockingbird, espionage, combat, sword, avengers, scientist",https://res.cloudinary.com/dvncqcife/image/upload/v1741318244/Mockingbird_rlraok.png,TRUE
Master_Roster,T004,F095,P095,Moon Knight,Dumb and Dumber Returns,Undercurrent,"RG, VG, PO, GO",Strategy & Espionage (SE),espionage_infiltration,Espionage/Infiltration,HVR,hover,4.69,3,4,2,3,1,6,4,5,5,5,6,4,6,4,Cynic,"Moon Knight, moon_powered, multiple_personalities, vigilante, stealth, avengers_affiliated",https://res.cloudinary.com/dvncqcife/image/upload/v1741318245/Moon_Knight_diau8v.png,TRUE
Master_Roster,T003,F096,P096,Moonstar,Sterling's Silly Soldiers,Overlay,"RG, VG, PO",Mental Manipulators (MM),illusionist,Illusionist,HVR,hover,4.30,2,2,2,2,5,4,4,4,4,4,4,5,5,5,Idealist,"Moonstar, illusion, archer, telepathy, new_mutants, x-men_affiliated",https://res.cloudinary.com/dvncqcife/image/upload/v1741318246/Moonstar_vfbdje.png,TRUE
Master_Roster,T004,F097,P097,Morph,Dumb and Dumber Returns,Undercurrent,"RG, PO, GO",Physical Combatants (PC),unorthodox_fighter,Unorthodox Fighter,"FLY, HVR","fly, hover",4.30,3,4,3,4,1,3,4,4,4,4,7,3,6,5,Outsider,"Morph, shapeshifter, comic_relief, x-men, adaptive, emotive",https://res.cloudinary.com/dvncqcife/image/upload/v1741318247/Morph_yxm36n.png,TRUE
Master_Roster,T007,F098,P098,Mr. Fantastic,Agents of Vishanti,Overlay,"FL, RG, VG, GO",Technological & Cybernetic (TC),unorthodox_fighter,Unorthodox Fighter,GRD,GRD,5.85,6,2,2,3,1,3,7,4,4,5,5,5,6,6,Strategist,"Mr. Fantastic, elasticity, genius, fantastic_four, inventor, leader",https://res.cloudinary.com/dvncqcife/image/upload/v1741318248/Mr._Fantastic_kkx3qe.png,TRUE
Master_Roster,Free Agent,F099,P099,Ms. Marvel (Kamala Khan),unaffiliated,unaffiliated,"FL, RG, VG, EN",Physical Combatants (PC),unorthodox_fighter,Unorthodox Fighter,GRD,GRD,4.84,3,4,2,4,1,3,4,5,4,5,4,5,6,5,Idealist,"Ms. Marvel (Kamala Khan), polymorph, young_avenger, street_level, stretching, fangirl",https://res.cloudinary.com/dvncqcife/image/upload/v1741318249/Ms._Marvel_Kamala_Khan_jriwhz.png,TRUE
Master_Roster,Free Agent,F100,P100,Multiple Man,unaffiliated,unaffiliated,"RG, VG, EN",Physical Combatants (PC),unorthodox_fighter,Unorthodox Fighter,GRD,GRD,3.36,3,2,2,2,1,3,4,4,4,5,4,3,5,5,Rebel,"Multiple Man, duplication, x-factor, detective, self_conflict, tactical",https://res.cloudinary.com/dvncqcife/image/upload/v1741318251/Multiple_Man_jyb97p.png,TRUE
Master_Roster,Free Agent,F101,P101,Mysterio,unaffiliated,unaffiliated,"RG, VG, PO",Mental Manipulators (MM),illusionist,Illusionist,GRD,GRD,3.21,3,2,2,2,1,2,5,3,3,3,7,5,4,4,Villainous Pragmatist,"Mysterio, illusionist, villain, spider_enemy, tech, fear",https://res.cloudinary.com/dvncqcife/image/upload/v1741318252/Mysterio_s5yrzw.png,TRUE
Master_Roster,T010,F102,P102,Mystique,"Your honor, we were just being silly",Overlay,"RG, PO, GO",Strategy & Espionage (SE),espionage_infiltration,Espionage/Infiltration,GRD,GRD,4.21,4,4,2,4,1,4,5,4,4,4,7,3,5,5,Cynic,"Mystique, shapeshifter, espionage, x-men_enemy, stealth, manipulator",https://res.cloudinary.com/dvncqcife/image/upload/v1741318253/Mystique_znwucr.png,TRUE
Master_Roster,T009,F103,P103,Namor (The Sub-Mariner),Amber,Undercurrent,"FL, RG, VG, EN",Cosmic & Reality (CR),cosmic_entity,Cosmic Entity,"FLY, HVR","fly, hover",5.10,2,6,3,6,1,4,5,6,6,6,3,4,5,5,Cosmic Observer,"Namor (The Sub-Mariner), aquatic, flight, strength, antihero, mutant",https://res.cloudinary.com/dvncqcife/image/upload/v1741318254/Namor_The_Sub-Mariner_vpdult.png,TRUE
Master_Roster,T007,F104,P104,Nebula,Agents of Vishanti,Overlay,"RG, VG, GO",Technological & Cybernetic (TC),cybernetic_augmentee,Cybernetic Augmentee,GRD,GRD,3.74,2,4,2,4,1,4,4,5,5,5,2,3,5,5,Cynic,"Nebula, cybernetic, assassin, guardian, sibling_rivalry, space_pirate",https://res.cloudinary.com/dvncqcife/image/upload/v1741318255/Nebula_uja8e5.png,TRUE
Master_Roster,T007,F105,P105,Nick Fury,Agents of Vishanti,Overlay,"FL, RG, GO",Strategy & Espionage (SE),tactician_leader,Tactician/Leader,GRD,GRD,5.08,4,3,2,3,1,6,6,5,5,5,7,2,6,6,Strategist,"Nick Fury, espionage, commander, shield, tactician, veteran",https://res.cloudinary.com/dvncqcife/image/upload/v1741318256/Nick_Fury_msiuq0.png,TRUE
Master_Roster,T010,F106,P106,Nico Minoru,"Your honor, we were just being silly",Overlay,"VG, EN, PO",Mystic Adept (MA),mystic_practitioner,Mystic Arts Practitioner,GRD,GRD,4.29,3,2,2,2,6,2,4,4,4,4,4,6,5,4,Mystic,"Nico Minoru, magic, staff_of_one, runaways, chaos_magic, young_hero",https://res.cloudinary.com/dvncqcife/image/upload/v1741318257/Nico_Minoru_thrxav.png,TRUE
Master_Roster,T007,F107,P107,Nightcrawler,Agents of Vishanti,Overlay,"RG, VG, GO",Mystic Adept (MA),teleporter,Teleporter,TP,teleport,4.89,3,2,3,3,1,5,5,4,6,5,5,5,5,5,Idealist,"Nightcrawler, teleportation, x-men, stealth, acrobat, faith",https://res.cloudinary.com/dvncqcife/image/upload/v1741318259/Nightcrawler_lcv7ip.png,TRUE
Master_Roster,T005,F108,P108,Nimrod,Ligmasigma II,Undercurrent,"FL, RG, VG, EN",Technological & Cybernetic (TC),cybernetic_augmentee,Cybernetic Augmentee,"FLY, HVR","fly, hover",9.92,5,6,4,7,6,4,7,7,6,7,1,7,6,7,Villainous Pragmatist,"Nimrod, sentinel, tech, future, hunter, mutant_hunter",https://res.cloudinary.com/dvncqcife/image/upload/v1741318260/Nimrod_b2urwh.png,TRUE
Master_Roster,T002,F109,P109,Nova,Costco Wholesale,Overlay,"RG, VG, SV",Cosmic & Reality (CR),cosmic_entity,Cosmic Entity,"FLY, HVR","fly, hover",6.93,2,5,7,6,6,4,4,6,7,6,3,6,5,5,Idealist,"Nova, cosmic, flight, nova_force, energy_blasts, young_hero",https://res.cloudinary.com/dvncqcife/image/upload/v1741318261/Nova_lgo64s.png,TRUE
Master_Roster,Free Agent,F110,P110,Omega Red,unaffiliated,unaffiliated,"RG, VG, EN",Physical Combatants (PC),unorthodox_fighter,Unorthodox Fighter,HVR,hover,4.14,2,4,2,4,4,4,4,5,5,6,2,5,4,4,Cynic,"Omega Red, death_spores, tentacles, x-men_enemy, russian, brute",https://res.cloudinary.com/dvncqcife/image/upload/v1741318262/Omega_Red_badrzn.png,TRUE
Master_Roster,Free Agent,F111,P111,Patriot (Eli Bradley),unaffiliated,unaffiliated,"FL, RG, VG, GO",Physical Combatants (PC),brawler,Brawler,GRD,GRD,3.60,2,3,2,3,1,4,4,4,4,5,5,3,5,5,Idealist,"Patriot (Eli Bradley), leadership, shield, young_avenger, legacy_hero, tactician",https://res.cloudinary.com/dvncqcife/image/upload/v1741318264/Patriot_Eli_Bradley_qj51yq.png,TRUE
Master_Roster,T010,F112,P112,Polaris,"Your honor, we were just being silly",Overlay,"RG, VG",Mental Manipulators (MM),telekinetic_wielder_tkw,Telekinetic Wielder (TKW),"FLY, HVR","fly, hover",6.02,3,2,2,2,6,3,5,5,5,5,4,7,6,5,Strategist,"Polaris, magnetism, x-men, daughter_of_magneto, green_hair, mental_instability",https://res.cloudinary.com/dvncqcife/image/upload/v1741318265/Polaris_kn2q6o.png,TRUE
Master_Roster,T004,F113,P113,Professor X,Dumb and Dumber Returns,Undercurrent,"FL, PO, SV",Mental Manipulators (MM),telepath,Telepath,HVR,hover,6.77,5,2,2,2,6,2,6,3,7,4,5,7,6,6,Cosmic Observer,"Professor X, telepathy, x-men, mentor, leader, wheelchair",https://res.cloudinary.com/dvncqcife/image/upload/v1741318266/Professor_X_qqratk.png,TRUE
Master_Roster,T005,F114,P114,Proteus,Ligmasigma II,Undercurrent,"EN, PO, SV",Cosmic & Reality (CR),reality_bender,Reality Bender,"HVR, TP","hover, teleport",3.00,2,2,2,1,7,1,3,3,5,2,3,7,5,1,Mystic,"Proteus, reality_warping, possession, omega_level, unstable, x-men_enemy",https://res.cloudinary.com/dvncqcife/image/upload/v1741318268/Proteus_zdbncl.png,TRUE
Master_Roster,T003,F115,P115,Psylocke,Sterling's Silly Soldiers,Overlay,"FL, RG, VG, PO, GO",Mental Manipulators (MM),martial_arts_master,Martial Arts Master,GRD,grounded,6.26,4,2,2,2,5,6,5,4,5,5,6,6,6,5,Rebel,"Psylocke, telepathy, psychic_blade, martial_artist, ninja, x-men",https://res.cloudinary.com/dvncqcife/image/upload/v1741318268/Psylocke_pdzswi.png,TRUE
Master_Roster,T002,F116,P116,Punisher,Costco Wholesale,Overlay,"RG, VG, GO",Physical Combatants (PC),none,None,GRD,grounded,4.17,3,3,2,3,1,6,5,4,4,5,6,2,5,6,Cynic,"Punisher, guns, vigilante, military, antihero, nonpowered",https://res.cloudinary.com/dvncqcife/image/upload/v1741318269/Punisher_ngyazf.png,TRUE
Master_Roster,T010,F117,P117,Quake,"Your honor, we were just being silly",Overlay,"FL, RG, VG, EN, GO",Physical Combatants (PC),demolitionist,Demolitionist,GRD,grounded,5.68,3,2,2,3,5,6,5,4,5,5,5,6,5,5,Strategist,"Quake, vibrations, shield, young_agent, seismic, avengers_affiliated",https://res.cloudinary.com/dvncqcife/image/upload/v1741318270/Quake_fzhkl5.png,TRUE
Master_Roster,T001,F118,P118,Quicksilver,Gambit Is A Pretty Pretty Princess,Undercurrent,"FL, RG, GO",Strategy & Espionage (SE),speedster,Speedster,GRD,grounded,4.33,2,2,7,3,1,4,4,4,7,5,6,3,5,5,Rebel,"Quicksilver, speed, x-men, avengers, mutant, mercurial",https://res.cloudinary.com/dvncqcife/image/upload/v1741318273/Quicksilver_gb5mfv.png,TRUE
Master_Roster,Free Agent,F119,P119,Red Skull,unaffiliated,unaffiliated,"FL, RG, VG, PO",Technological & Cybernetic (TC),tactician_leader,Tactician/Leader,GRD,grounded,3.30,5,2,2,2,1,4,6,4,4,4,6,3,5,3,Villainous Pragmatist,"Red Skull, villain, hydra, tactician, nazi, captain_america_enemy",https://res.cloudinary.com/dvncqcife/image/upload/v1741318274/Red_Skull_coc7ne.png,TRUE
Master_Roster,T006,F120,P120,Rocket Racoon,Pigeon Desk,Overlay,"RG, GO",Physical Combatants (PC),gadget_specialist,Gadget Specialist,GRD,grounded,3.82,3,2,2,2,1,4,5,3,4,4,5,3,5,6,Cynic,"Rocket Racoon, tech, marksman, guardian, pilot, trash_talk",https://res.cloudinary.com/dvncqcife/image/upload/v1741318275/Rocket_Raccoon_sktf8z.png,TRUE
Master_Roster,T001,F121,P121,Rogue,Gambit Is A Pretty Pretty Princess,Undercurrent,"FL, RG, VG, EN, PO",Physical Combatants (PC),unorthodox_fighter,Unorthodox Fighter,"FLY, HVR","fly, hover",4.60,3,5,3,4,1,4,5,6,5,6,5,3,5,5,Guardian,"Rogue, power_absorption, flight, strength, x-men, touch_sensitive",https://res.cloudinary.com/dvncqcife/image/upload/v1741318276/Rogue_qyimm7.png,TRUE
Master_Roster,Free Agent,F122,P122,Sabretooth,unaffiliated,unaffiliated,"RG, VG, EN",Strategy & Espionage (SE),brawler,Brawler,GRD,grounded,3.47,2,4,2,4,1,5,4,6,5,6,5,2,5,4,Villainous Pragmatist,"Sabretooth, regeneration, brute, savage, wolverine_enemy, villain",https://res.cloudinary.com/dvncqcife/image/upload/v1741318277/Sabretooth_wv5o1j.png,TRUE
Master_Roster,T008,F123,P123,Sage,Slow And Threatening,Undercurrent,"FL, RG, PO, GO",Cosmic & Reality (CR),tactician_leader,Tactician/Leader,GRD,grounded,5.64,5,2,2,2,5,4,6,4,4,4,6,5,6,5,Strategist,"Sage, intellect, data_analysis, cyberpath, x-men, espionage",https://res.cloudinary.com/dvncqcife/image/upload/v1741318279/Sage_g1mqtk.png,TRUE
Master_Roster,T003,F124,P124,Scarlet Witch,Sterling's Silly Soldiers,Overlay,"EN, PO, SV",Cosmic & Reality (CR),reality_bender,Reality Bender,"HVR, TP","hover, teleport",5.28,3,2,2,2,7,3,4,4,3,5,4,7,6,4,Mystic,"Scarlet Witch, chaos_magic, reality_warping, avengers, mutant, unpredictable",https://res.cloudinary.com/dvncqcife/image/upload/v1741318280/Scarlet_Witch_sgxuq0.png,TRUE
Master_Roster,T005,F125,P125,Sentry,Ligmasigma II,Undercurrent,"RG, VG, EN, SV",Physical Combatants (PC),cosmic_entity,Cosmic Entity,"FLY, HVR","fly, hover",7.38,3,7,7,7,6,4,6,7,7,7,2,7,6,2,Cosmic Observer,"Sentry, superman_archetype, void, avengers, power_unstable, flight",https://res.cloudinary.com/dvncqcife/image/upload/v1741318281/Sentry_av6tvc.png,TRUE
Master_Roster,T001,F126,P126,Shang-Chi,Gambit Is A Pretty Pretty Princess,Undercurrent,"RG, VG, GO",Physical Combatants (PC),martial_arts_master,Martial Arts Master,GRD,grounded,5.56,3,3,2,3,1,7,5,4,5,5,6,3,7,6,Idealist,"Shang-Chi, martial_artist, master_of_kung_fu, street_level, chi_focus, avengers_affiliated",https://res.cloudinary.com/dvncqcife/image/upload/v1741318281/Shang-Chi_wht5eh.png,TRUE
Master_Roster,T006,F127,P127,She-Hulk,Pigeon Desk,Overlay,"FL, VG, EN",Strategy & Espionage (SE),tank,Tank,GRD,grounded,5.18,3,6,2,6,1,4,5,6,5,6,5,3,5,6,Idealist,"She-Hulk, strength, lawyer, avengers, gamma, witty",https://res.cloudinary.com/dvncqcife/image/upload/v1741318284/She-Hulk_slwuaf.png,TRUE
Master_Roster,Free Agent,F128,P128,Silver Sable,unaffiliated,unaffiliated,"FL, GO",Cosmic & Reality (CR),espionage_infiltration,Espionage/Infiltration,GRD,grounded,3.24,3,2,2,2,1,5,4,4,4,4,5,2,5,5,Strategist,"Silver Sable, mercenary, espionage, leader, symkaria, combat",https://res.cloudinary.com/dvncqcife/image/upload/v1741318285/Silver_Sable_hasy7o.png,TRUE
Master_Roster,T004,F129,P129,Silver Surfer,Dumb and Dumber Returns,Undercurrent,"EN, PO, SV",Cosmic & Reality (CR),cosmic_entity,Cosmic Entity,"FLY, HVR","fly, hover",9.70,5,6,7,6,6,4,5,7,7,5,1,7,6,7,Cosmic Observer,"Silver Surfer, cosmic, herald, galactus, space_travel, noble",https://res.cloudinary.com/dvncqcife/image/upload/v1741318286/Silver_Surfer_y5xsn1.png,TRUE
Master_Roster,T003,F130,P130,Smasher,Sterling's Silly Soldiers,Overlay,"EN, SV",Cosmic & Reality (CR),cosmic_entity,Cosmic Entity,"FLY, HVR","fly, hover",5.73,3,5,5,5,1,3,5,6,6,6,5,5,5,5,Rebel,"Smasher, imperial_guard, flight, strength, cosmic, shiar",https://res.cloudinary.com/dvncqcife/image/upload/v1741318286/Smasher_csmbaw.png,TRUE
Master_Roster,T010,F131,P131,Spectrum,"Your honor, we were just being silly",Overlay,"FL, EN, PO, SV",Physical Combatants (PC),cosmic_entity,Cosmic Entity,"FLY, HVR","fly, hover",8.67,3,3,7,6,6,4,5,5,7,6,6,7,6,6,Idealist,"Spectrum, light_form, avengers, phasing, cosmic_energy, pilot",https://res.cloudinary.com/dvncqcife/image/upload/v1741318287/Spectrum_osjylx.png,TRUE
Master_Roster,T007,F132,P132,Spider-Man (Morales),Agents of Vishanti,Overlay,"RG, VG, GO",Physical Combatants (PC),brawler,Brawler,HVR,hover,4.70,3,4,3,3,1,4,5,5,6,5,5,3,5,6,Idealist,"Spider-Man (Morales), spider_powered, camouflage, bioelectricity, young_hero, multiverse",https://res.cloudinary.com/dvncqcife/image/upload/v1741318290/Spider-Man_Morales_eup3g2.png,TRUE
Master_Roster,T002,F133,P133,Spider-Man (Parker),Costco Wholesale,Overlay,"FL, RG, VG, GO",Physical Combatants (PC),brawler,Brawler,HVR,hover,5.15,4,4,3,3,1,4,5,6,6,7,5,3,5,6,Rebel,"Spider-Man (Parker), spider_powered, intellect, avengers, responsibility, webslinger",https://res.cloudinary.com/dvncqcife/image/upload/v1741318290/Spider-Man_msotdp.png,TRUE
Master_Roster,T008,F134,P134,Spider-Woman,Slow And Threatening,Undercurrent,"RG, VG, GO",Physical Combatants (PC),brawler,Brawler,"FLY, HVR","fly, hover",4.87,3,4,3,3,4,4,5,5,5,5,4,4,5,5,Strategist,"bioelectricity, secret_agent, spider_family, avengers_affiliated, infiltration",https://res.cloudinary.com/dvncqcife/image/upload/v1741318291/Spider-Woman_agxxqt.png,TRUE
Master_Roster,T010,F135,P135,Squirrel Girl,"Your honor, we were just being silly",Overlay,"RG, VG, GO",Cosmic & Reality (CR),unorthodox_fighter,Unorthodox Fighter,HVR,hover,5.52,2,4,3,3,1,7,4,5,5,5,5,3,6,7,Outsider,"animal_affinity, comic_relief, tankbuster, mentor, avengers_affiliated",https://res.cloudinary.com/dvncqcife/image/upload/v1741318292/Squirrel_Girl_n7irnb.png,TRUE
Master_Roster,T004,F136,P136,Star Brand,Dumb and Dumber Returns,Undercurrent,"EN, SV",Technological & Cybernetic (TC),cosmic_entity,Cosmic Entity,"FLY, HVR","fly, hover",8.14,2,7,5,7,7,3,5,7,6,7,1,7,6,5,Cosmic Observer,"cosmic, energy_wielder, unstable_potential, protector, solo_operator",https://res.cloudinary.com/dvncqcife/image/upload/v1741318295/Star_Brand_fqoarm.png,TRUE
Master_Roster,Free Agent,F137,P137,Star Lord,unaffiliated,unaffiliated,"FL, RG, VG, GO",Mystic Adept (MA),gadget_specialist,Gadget Specialist,FLY,fly,4.58,3,2,2,2,4,4,5,4,4,4,5,4,5,6,Strategist,"leader, cosmic, tactician, guardian_affiliated, gunplay, rogue",https://res.cloudinary.com/dvncqcife/image/upload/v1741318295/Star_Lord_ld4lkb.png,TRUE
Master_Roster,T009,F138,P138,Storm,Amber,Undercurrent,"FL, RG, VG, EN, PO",Mystic Adept (MA),dimensional_manipulator,Dimensional Manipulator,"FLY, HVR","fly, hover",7.07,3,2,2,2,6,5,6,5,5,5,5,7,6,6,Mystic,"weather_control, elemental, regal, x-men_affiliated, omega_level",https://res.cloudinary.com/dvncqcife/image/upload/v1741318296/Storm_vhlx6e.png,TRUE
Master_Roster,Free Agent,F139,P139,Sunfire,unaffiliated,unaffiliated,"RG, VG, EN",Cosmic & Reality (CR),cosmic_entity,Cosmic Entity,"FLY, HVR","fly, hover",5.26,2,2,3,3,5,4,5,4,5,5,4,6,5,5,Rebel,"fire_user, nationalist, unstable, x-men_affiliated, elemental",https://res.cloudinary.com/dvncqcife/image/upload/v1741318297/Sunfire_zmcjly.png,TRUE
Master_Roster,T010,F140,P140,Sunspot,"Your honor, we were just being silly",Overlay,"RG, VG",Cosmic & Reality (CR),cosmic_entity,Cosmic Entity,HVR,hover,5.45,2,4,2,4,5,3,5,5,5,5,4,6,5,5,Strategist,"solar_energy, businessman, strategist, x-men_affiliated, tactical_mind",https://res.cloudinary.com/dvncqcife/image/upload/v1741318299/Sunspot_rrwxq8.png,TRUE
Master_Roster,T002,F141,P141,Super-Skrull,Costco Wholesale,Overlay,"RG, VG, EN",Physical Combatants (PC),cosmic_entity,Cosmic Entity,"FLY, HVR","fly, hover",6.54,3,5,2,6,6,4,5,6,5,6,5,6,5,5,Villainous Pragmatist,"shapeshifter, multi_powered, alien, infiltrator, fantastic_four_affiliated",https://res.cloudinary.com/dvncqcife/image/upload/v1741318300/Super-Skrull_vnzo7w.png,TRUE
Master_Roster,T003,F142,P142,Synch,Sterling's Silly Soldiers,Overlay,"FL, RG, VG, GO",Physical Combatants (PC),unorthodox_fighter,Unorthodox Fighter,GRD,grounded,5.42,2,2,2,2,5,3,5,5,5,5,5,6,6,5,Idealist,"ability_mimic, adaptive, x-men_affiliated, omega_level, wildcard",https://res.cloudinary.com/dvncqcife/image/upload/v1741318300/Synch_mrzw09.png,TRUE
Master_Roster,Free Agent,F143,P143,Syrin,unaffiliated,unaffiliated,"RG, VG",Physical Combatants (PC),energy_blaster,Energy Blaster,FLY,fly,4.51,2,2,2,2,5,4,4,4,5,5,4,5,5,5,Guardian,"sonic, legacy, trauma_survivor, x-factor_affiliated, aerial",https://res.cloudinary.com/dvncqcife/image/upload/v1741318303/Syrin_dlgbk7.png,TRUE
Master_Roster,T005,F144,P144,Taskmaster,Ligmasigma II,Undercurrent,"RG, VG, GO",Mystic Adept (MA),weapons_expert,Weapons Expert,GRD,grounded,5.82,3,3,2,3,1,7,6,5,5,5,6,3,7,6,Cynic,"photographic_reflexes, mercenary, mimic, street_level, shield_affiliated",https://res.cloudinary.com/dvncqcife/image/upload/v1741318303/Taskmaster_hp7xvt.png,TRUE
Master_Roster,Free Agent,F145,P145,Temper,unaffiliated,unaffiliated,"RG, VG",Mystic Adept (MA),mystic_practitioner,Mystic Arts Practitioner,HVR,hover,4.04,2,2,2,2,4,3,4,4,4,4,4,5,5,5,Rebel,"rage_state, emotion_drive, strength_based, unknown_origin, wildcard",https://res.cloudinary.com/dvncqcife/image/upload/v1741318304/Tempur_agevgg.png,TRUE
Master_Roster,T004,F146,P146,Tempus,Dumb and Dumber Returns,Undercurrent,"RG, PO, SV",Cosmic & Reality (CR),dimensional_manipulator,Dimensional Manipulator,"HVR, TP","hover, teleport",4.58,2,2,2,2,5,2,5,4,4,4,5,6,5,5,Mystic,"time_control, mutant, strategic, x-men_affiliated, future_bender",https://res.cloudinary.com/dvncqcife/image/upload/v1741318305/Tempus_esnlxw.png,TRUE
Master_Roster,T007,F147,P147,The Human Torch,Agents of Vishanti,Overlay,"RG, VG, EN",Physical Combatants (PC),cosmic_entity,Cosmic Entity,"FLY, HVR","fly, hover",6.12,2,2,5,3,6,3,5,5,6,5,4,7,5,5,Rebel,"fire_user, impulsive, fantastic_four_affiliated, aerial, team_player",https://res.cloudinary.com/dvncqcife/image/upload/v1741318307/The_Human_Torch_erbv6v.png,TRUE
Master_Roster,Free Agent,F148,P148,The Lizard,unaffiliated,unaffiliated,"RG, VG, GO",Physical Combatants (PC),unorthodox_fighter,Unorthodox Fighter,GRD,grounded,3.57,5,5,3,4,1,3,4,5,5,5,4,3,4,4,Villainous Pragmatist,"scientist, transformation, reptile, spider-man_affiliated, brute",https://res.cloudinary.com/dvncqcife/image/upload/v1741318308/The_Lizard_cndaiq.png,TRUE
Master_Roster,T004,F149,P149,The Thing,Dumb and Dumber Returns,Undercurrent,"RG, VG, EN",Physical Combatants (PC),tank,Tank,GRD,grounded,4.74,2,6,2,6,1,4,5,6,4,6,2,3,5,6,Idealist,"tank, strength_based, fantastic_four_affiliated, loyalist, brute",https://res.cloudinary.com/dvncqcife/image/upload/v1741318309/The_Thing_kchqjt.png,TRUE
Master_Roster,T002,F150,P150,The Wasp,Costco Wholesale,Overlay,"FL, RG, VG, GO",Technological & Cybernetic (TC),gadget_specialist,Gadget Specialist,"FLY, HVR","fly, hover",4.86,3,2,2,2,5,4,5,4,5,4,6,5,5,5,Strategist,"size_shifting, scientist, leader, avengers_affiliated, aerial",https://res.cloudinary.com/dvncqcife/image/upload/v1741318309/The_Wasp_ikquyx.png,TRUE
Master_Roster,T008,F151,P151,Thor (Jane Foster),Slow And Threatening,Undercurrent,"FL, RG, VG, EN, SV",Cosmic & Reality (CR),tank,Tank,"FLY, HVR","fly, hover",9.38,3,7,7,6,6,4,6,7,7,6,2,7,6,6,Idealist,"thunder_user, divine_power, mjolnir_wielder, avengers_affiliated, legacy",https://res.cloudinary.com/dvncqcife/image/upload/v1741318311/Thor_Jane_Foster_svqy2j.png,TRUE
Master_Roster,T006,F152,P152,Thor,Pigeon Desk,Overlay,"FL, RG, VG, EN, SV",Cosmic & Reality (CR),tank,Tank,"FLY, HVR","fly, hover",9.40,2,7,7,6,6,4,6,7,7,4,2,7,6,7,Guardian,"thunder_user, god, asgardian, mjolnir_wielder, avengers_affiliated",https://res.cloudinary.com/dvncqcife/image/upload/v1741318312/Thor_v7dyvj.png,TRUE
Master_Roster,Free Agent,F153,P153,U.S. Agent,unaffiliated,unaffiliated,"FL, RG, VG",Physical Combatants (PC),brawler,Brawler,GRD,grounded,4.70,2,4,2,4,1,6,5,5,5,5,5,3,5,6,Cynic,"government_agent, aggressive, super_soldier, shield_affiliated, antihero",https://res.cloudinary.com/dvncqcife/image/upload/v1741318314/U.S._Agent_kdhivp.png,TRUE
Master_Roster,T008,F154,P154,Ultron,Slow And Threatening,Undercurrent,"FL, RG, VG, EN, PO, GO, SV",Technological & Cybernetic (TC),cybernetic_augmentee,Cybernetic Augmentee,"FLY, HVR","fly, hover",9.21,6,6,3,7,6,3,7,7,6,7,1,7,6,6,Villainous Pragmatist,"ai, villain, evolution, mass_murderer, avengers_antagonist",https://res.cloudinary.com/dvncqcife/image/upload/v1741318315/Ultron_ptcnsi.png,TRUE
Master_Roster,T009,F155,P155,Valkyrie,Amber,Undercurrent,"RG, EN",Mystic Adept (MA),monster_hunter,Monster Hunter,"FLY, HVR","fly, hover",5.51,2,6,2,6,1,6,5,6,5,6,2,4,5,6,Rebel,"asgardian, sword_user, divine_guardian, aerial, protector",https://res.cloudinary.com/dvncqcife/image/upload/v1741318316/Valkyrie_yzesrp.png,TRUE
Master_Roster,T001,F156,P156,Venom,Gambit Is A Pretty Pretty Princess,Undercurrent,"RG, VG, GO",Physical Combatants (PC),brawler,Brawler,HVR,hover,4.29,2,4,3,4,1,4,5,6,5,6,4,4,5,4,Outsider,"symbiote, street_level, antihero, spider-man_affiliated, rage_state",https://res.cloudinary.com/dvncqcife/image/upload/v1741318317/Venom_kzevm3.png,TRUE
Master_Roster,T008,F157,P157,Vision,Slow And Threatening,Undercurrent,"RG, VG, EN, PO, GO, SV",Technological & Cybernetic (TC),cybernetic_augmentee,Cybernetic Augmentee,"FLY, HVR","fly, hover",8.84,5,5,5,6,5,3,6,6,6,6,5,7,5,7,Cosmic Observer,"synthetic_life, strategist, density_control, avengers_affiliated, introspective",https://res.cloudinary.com/dvncqcife/image/upload/v1741318318/Vision_ehxmmp.png,TRUE
Master_Roster,T008,F158,P158,War Machine,Slow And Threatening,Undercurrent,"FL, RG, VG, EN",Technological & Cybernetic (TC),armor_powered_hero,Armor-Powered Hero,"FLY, HVR","fly, hover",7.02,3,5,3,6,5,4,5,6,5,6,5,6,5,6,Strategist,"tech_armor, heavy_weapons, military, avengers_affiliated, aerial",https://res.cloudinary.com/dvncqcife/image/upload/v1741318319/War_Machine_isvhln.png,TRUE
Master_Roster,T008,F159,P159,Warlock,Slow And Threatening,Undercurrent,"RG, VG, PO, GO, SV",Cosmic & Reality (CR),unorthodox_fighter,Unorthodox Fighter,"FLY, HVR","fly, hover",6.98,3,4,5,6,6,3,5,5,5,5,1,7,6,5,Mystic,"techno_organic, shapeshifter, alien, new_mutants_affiliated, empathetic",https://res.cloudinary.com/dvncqcife/image/upload/v1743285635/Warlock_iaxazg.png,TRUE
Master_Roster,T002,F160,P160,Wiccan,Costco Wholesale,Overlay,"VG, EN, PO, SV",Mystic Adept (MA),cosmic_entity,Cosmic Entity,"FLY, HVR, TP","fly, hover, teleport",5.98,3,2,2,2,7,2,5,5,5,5,4,7,6,5,Mystic,"magic, reality_warping, chaos_magic, young_avengers_affiliated, lgbtq_representative",https://res.cloudinary.com/dvncqcife/image/upload/v1741318321/Wiccan_edmwpq.png,TRUE
Master_Roster,Free Agent,F161,P161,Winter Soldier,unaffiliated,unaffiliated,"FL, RG, VG, EN, GO",Physical Combatants (PC),mystic_practitioner,Mystic Arts Practitioner,GRD,grounded,4.72,3,3,2,3,1,6,5,5,5,5,6,3,6,5,Cynic,"spy, cybernetic_arm, redemption_arc, shield_affiliated, trauma_survivor",https://res.cloudinary.com/dvncqcife/image/upload/v1741318323/Winter_Soldier_tkbgk1.png,TRUE
Master_Roster,Free Agent,F162,P162,Wolfsbane,unaffiliated,unaffiliated,"RG, VG",Physical Combatants (PC),weapons_expert,Weapons Expert,GRD,grounded,3.97,2,4,3,3,1,4,4,5,5,5,5,3,5,5,Guardian,"shapeshifter, wolf_form, religious_conflict, x-men_affiliated, legacy",https://res.cloudinary.com/dvncqcife/image/upload/v1741318324/Wolfbane_ipfqvp.png,TRUE
Master_Roster,T007,F163,P163,Wolverine / X-23,Agents of Vishanti,Overlay,"RG, VG, GO",Physical Combatants (PC),unorthodox_fighter,Unorthodox Fighter,GRD,grounded,6.15,3,4,2,4,1,6,5,5,5,5,6,5,6,6,Rebel,"clone, berserker, regeneration, x-force_affiliated, trauma_survivor",https://res.cloudinary.com/dvncqcife/image/upload/v1741319395/Wolverine_X-23_smdne1.png,TRUE
Master_Roster,T006,F164,P164,Wolverine,Pigeon Desk,Overlay,"FL, RG, VG, EN, GO",Physical Combatants (PC),martial_arts_master,Martial Arts Master,GRD,grounded,6.29,2,4,2,4,1,7,5,7,7,3,6,5,5,7,Cynic,"regeneration, berserker, claws, x-men_affiliated, loner",https://res.cloudinary.com/dvncqcife/image/upload/v1741318326/Wolverine_qp3cqw.png,TRUE
Master_Roster,T006,F165,P165,Wonder Man,Pigeon Desk,Overlay,"RG, VG, EN, SV",Cosmic & Reality (CR),brawler,Brawler,"FLY, HVR","fly, hover",5.63,3,6,5,6,1,4,5,6,6,6,5,4,5,5,Idealist,"ionic_energy, celebrity, strength_based, avengers_affiliated, conflicted",https://res.cloudinary.com/dvncqcife/image/upload/v1741318327/Wonder_Man_xszf9p.png,TRUE
Master_Roster,T007,F166,P166,Xorn,Agents of Vishanti,Overlay,"EN, PO, SV",Mystic Adept (MA),cosmic_entity,Cosmic Entity,"FLY, HVR","fly, hover",6.77,3,4,3,6,6,4,5,5,5,5,5,7,6,4,Cosmic Observer,"black_hole_head, healer, cosmic_potential, x-men_affiliated, identity_shift",https://res.cloudinary.com/dvncqcife/image/upload/v1741318328/Xorn_k7rhmm.png,TRUE
Master_Roster,Free Agent,F167,P167,Yondu,unaffiliated,unaffiliated,"RG, VG, GO",Physical Combatants (PC),mystic_practitioner,Mystic Arts Practitioner,GRD,grounded,3.44,2,2,2,2,1,5,4,4,5,4,4,3,5,5,Outsider,"whistle_weapon, mercenary, cosmic, guardian_affiliated, archer",https://res.cloudinary.com/dvncqcife/image/upload/v1741318328/Yondu_ljoajc.png,TRUE